<beans xmlns="http://www.springframework.org/schema/beans"
       xmlns:xsi="http://www.w3.org/2001/XMLSchema-instance"
       xmlns:context="http://www.springframework.org/schema/context"
       xmlns:p="http://www.springframework.org/schema/p"
       xsi:schemaLocation="
       http://www.springframework.org/schema/beans http://www.springframework.org/schema/beans/spring-beans-2.5.xsd
       http://www.springframework.org/schema/context http://www.springframework.org/schema/context/spring-context.xsd">

    <context:property-placeholder location="classpath:report-scheduler.properties,application-mongo.properties"/>

    <import resource="core-logic-context.xml"/>

    <!--<context:component-scan base-package="com.smartsms"/>-->

    <bean id="reportDataSource" class="com.mchange.v2.c3p0.ComboPooledDataSource">
        <!--Driver name to connect to the database-->
        <property name="driverClass">
            <value>${report.jdbc.driver}</value>
        </property>
        <!--DB URL-->
        <property name="jdbcUrl">
            <value>${report.url}</value>
        </property>
        <!--DB User used to connect to the schema-->
        <property name="user">
            <value>${report.username}</value>
        </property>
        <!--Password required to access for the above user-->
        <property name="password">
            <value>${report.password}</value>
        </property>
        <!-- configuration pool via c3p0-->
        <property name="acquireIncrement">
            <value>${report.c3p0.acquireIncrement}</value>
        </property>
        <property name="idleConnectionTestPeriod">
            <value>${report.c3p0.idleConnectionTestPeriod}</value>
            <!-- seconds -->
        </property>
        <property name="maxPoolSize">
            <value>${report.c3p0.maxPoolSize}</value>
        </property>
        <property name="maxStatements">
            <value>${report.c3p0.maxStatements}</value>
        </property>
        <property name="minPoolSize">
            <value>${report.c3p0.minPoolSize}</value>
        </property>
        <property name="initialPoolSize">
            <value>${report.c3p0.initialPoolSize}</value>
        </property>
        <property name="maxIdleTime">
            <value>${report.c3p0.maxIdleTime}</value>
        </property>
        <property name="acquireRetryAttempts">
            <value>${report.c3p0.acquireRetryAttempts}</value>
        </property>
        <property name="acquireRetryDelay">
            <value>${report.c3p0.acquireRetryDelay}</value>
        </property>
        <property name="breakAfterAcquireFailure">
            <value>${report.c3p0.breakAfterAcquireFailure}</value>
        </property>
    </bean>

    <!-- Spring Data Access Exception Translator Defintion -->
    <bean id="jdbcExceptionTranslator" class="org.springframework.jdbc.support.SQLErrorCodeSQLExceptionTranslator">
        <property name="dataSource">
            <ref bean="reportDataSource"/>
        </property>
    </bean>


    <bean id="scheduler" class="org.springframework.scheduling.quartz.SchedulerFactoryBean">
        <property name="triggers">
            <list>
                <ref bean="alertApplicationManagerServiceTrigger"/>
            </list>
        </property>
    </bean>

    <!-- Quartz -->
    <bean id="alertApplicationManagerServiceTrigger" class="org.springframework.scheduling.quartz.CronTriggerBean">
        <property name="jobDetail" ref="alertAppTransactionManager"/>
        <property name="cronExpression" value="${report.scheduler.alert.app.cron.expression}"/>
    </bean>

    <bean id="alertAppTransactionManager"
          class="org.springframework.scheduling.quartz.MethodInvokingJobDetailFactoryBean">
        <property name="targetObject">
            <ref bean="applicationServiceObjectTarget"/>
        </property>
        <property name="targetMethod">
            <value>execute</value>
        </property>
    </bean>

    <bean id="applicationServiceObjectTarget" class="com.smartsms.service.impl.AlertApplicationServiceImpl">
    </bean>

    <bean id="alertAppRepository" class="com.smartsms.reporsitory.impl.AlertAppRepositoryImpl">
        <property name="dataSource" ref="reportDataSource"/>
    </bean>

</beans>